@type,path,id,UID,subjects,version,rights,is_folderish,contributors,@components,review_state,expires,effective,language,created,modified,allow_discussion,creators,title,description,exclude_from_nav,relatedItems,nextPreviousEnabled,open_end,last_name,confirm_password,first_name,end,sync_uid,start,email,bio,password,homepage,whole_day,presenting,event_url,text,contact_name,recurrence,versioning_enabled,location,contact_phone,contact_email
"""conference""","""Plone/plone-conf""","""plone-conf""","""588bc3dd46474040860698f6725b12a1""",Null,"""current""",Null,true,Null,"{""breadcrumbs"": {}, ""navigation"": {}, ""actions"": {}, ""workflow"": {}}","""private""",Null,Null,"""en-us""","""2018-10-28T10:47:13+00:00""","""2018-10-28T10:48:01+00:00""",Null,"[""admin""]","""Plone conf""",Null,Null,Null,Null,Null,Field NA,Field NA,Field NA,"""2018-11-10T11:00:00+00:00""",Null,"""2018-10-28T10:00:00+00:00""",Field NA,Field NA,Field NA,Field NA,true,Field NA,Null,Field NA,Null,Field NA,Field NA,Null,Null,Null
"""attendees""","""Plone/plone-conf/attendees""","""attendees""","""7463f99809eb44ff93c2e1bd73b47080""",Null,"""current""",Null,true,Null,"{""breadcrumbs"": {}, ""navigation"": {}, ""actions"": {}, ""workflow"": {}}","""private""",Null,Null,"""en-us""","""2018-10-28T10:47:52+00:00""","""2018-10-28T10:48:26+00:00""",Null,"[""admin""]","""Attendees""",Null,Null,Null,Null,Field NA,Field NA,Field NA,Field NA,Field NA,Field NA,Field NA,Field NA,Field NA,Field NA,Field NA,Field NA,Field NA,Field NA,Field NA,Field NA,Field NA,Field NA,Field NA,Field NA,Field NA
"""attendee""","""Plone/plone-conf/attendees/john-jones""","""john-jones""","""14815f615a914b5b8346ee80ba13d4d5""",Null,"""current""",Null,Null,Null,"{""breadcrumbs"": {}, ""navigation"": {}, ""actions"": {}, ""workflow"": {}}","""private""",Null,Null,"""en-us""","""2018-10-28T10:48:26+00:00""","""2018-10-28T10:48:26+00:00""",Null,"[""admin""]",Field NA,Field NA,Field NA,Field NA,Field NA,Field NA,"""Jones""",Null,"""John""",Field NA,Field NA,Field NA,"""john@example.ccom""",Null,Null,Null,Field NA,Null,Field NA,Field NA,Field NA,Field NA,Field NA,Field NA,Field NA,Field NA
"""locations""","""Plone/plone-conf/locations""","""locations""","""2afa07c39e284dba94322ec497d09ae8""",Null,"""current""",Null,true,Null,"{""breadcrumbs"": {}, ""navigation"": {}, ""actions"": {}, ""workflow"": {}}","""private""",Null,Null,"""en-us""","""2018-10-28T10:47:56+00:00""","""2018-10-28T10:48:42+00:00""",Null,"[""admin""]","""Locations""",Null,Null,Null,Null,Field NA,Field NA,Field NA,Field NA,Field NA,Field NA,Field NA,Field NA,Field NA,Field NA,Field NA,Field NA,Field NA,Field NA,Field NA,Field NA,Field NA,Field NA,Field NA,Field NA,Field NA
"""location""","""Plone/plone-conf/locations/plenary-hall""","""plenary-hall""","""f156938e4e3641e9a5f59c320518736f""",Null,"""current""",Null,true,Null,"{""breadcrumbs"": {}, ""navigation"": {}, ""actions"": {}, ""workflow"": {}}","""private""",Null,Null,"""en-us""","""2018-10-28T10:48:42+00:00""","""2018-10-28T10:49:43+00:00""",Null,"[""admin""]","""Plenary hall""",Null,Field NA,Field NA,Field NA,Field NA,Field NA,Field NA,Field NA,Field NA,Field NA,Field NA,Field NA,Field NA,Field NA,Field NA,Field NA,Field NA,Field NA,Field NA,Field NA,Field NA,Field NA,Field NA,Field NA,Field NA
"""session""","""Plone/plone-conf/locations/plenary-hall/keynote""","""keynote""","""0f139e52e2254952ba796dd7720131af""",Null,"""current""",Null,Null,Null,"{""breadcrumbs"": {}, ""navigation"": {}, ""actions"": {}, ""workflow"": {}}","""private""",Null,Null,"""en-us""","""2018-10-28T10:49:42+00:00""","""2018-10-28T10:49:42+00:00""",Null,"[""admin""]","""Keynote""",Null,Null,Null,Field NA,Null,Field NA,Field NA,Field NA,"""2018-10-28T11:00:00+00:00""",Null,"""2018-10-28T10:00:00+00:00""",Field NA,Field NA,Field NA,Field NA,Null,Field NA,Field NA,Null,Field NA,Null,true,Field NA,Field NA,Field NA
"""speakers""","""Plone/plone-conf/speakers""","""speakers""","""a0552d10b12140969932d58ce1768f95""",Null,"""current""",Null,true,Null,"{""breadcrumbs"": {}, ""navigation"": {}, ""actions"": {}, ""workflow"": {}}","""private""",Null,Null,"""en-us""","""2018-10-28T10:48:00+00:00""","""2018-10-28T10:49:04+00:00""",Null,"[""admin""]","""Speakers""",Null,Null,Null,Null,Field NA,Field NA,Field NA,Field NA,Field NA,Field NA,Field NA,Field NA,Field NA,Field NA,Field NA,Field NA,Field NA,Field NA,Field NA,Field NA,Field NA,Field NA,Field NA,Field NA,Field NA
"""speaker""","""Plone/plone-conf/speakers/mr-x""","""mr-x""","""196bd092364c4a7d9d058f93db606570""",Null,"""current""",Null,Null,Null,"{""breadcrumbs"": {}, ""navigation"": {}, ""actions"": {}, ""workflow"": {}}","""private""",Null,Null,"""en-us""","""2018-10-28T10:49:04+00:00""","""2018-10-28T10:49:04+00:00""",Null,"[""admin""]",Field NA,Field NA,Field NA,Field NA,Field NA,Field NA,"""X""",Null,"""Mr""",Field NA,Field NA,Field NA,"""mrx@example.com""",Null,Null,Null,Field NA,Null,Field NA,Field NA,Field NA,Field NA,Field NA,Field NA,Field NA,Field NA
