<?xml version="1.0"?>
<object name="conference" meta_type="Dexterity FTI" i18n:domain="plone"
   xmlns:i18n="http://xml.zope.org/namespaces/i18n">
 <property name="title" i18n:translate="">Conference</property>
 <property name="description"
    i18n:translate="">A conference consists of sessions</property>
 <property name="icon_expr"></property>
 <property name="factory">conference</property>
 <property
    name="add_view_expr">string:${folder_url}/++add++conference</property>
 <property name="link_target"></property>
 <property name="immediate_view">view</property>
 <property name="global_allow">True</property>
 <property name="filter_content_types">True</property>
 <property name="allowed_content_types">
  <element value="speakers"/>
  <element value="attendees"/>
  <element value="locations"/>
 </property>
 <property name="allow_discussion">False</property>
 <property name="default_view">listing_view</property>
 <property name="view_methods">
  <element value="album_view"/>
  <element value="event_listing"/>
  <element value="full_view"/>
  <element value="listing_view"/>
  <element value="summary_view"/>
  <element value="tabular_view"/>
 </property>
 <property name="default_view_fallback">False</property>
 <property name="add_permission">plone.app.contenttypes.addFolder</property>
 <property name="klass">plone.app.contenttypes.content.Folder</property>
 <property name="behaviors">
  <element value="plone.app.dexterity.behaviors.metadata.IDublinCore"/>
  <element value="plone.app.content.interfaces.INameFromTitle"/>
  <element value="plone.app.dexterity.behaviors.discussion.IAllowDiscussion"/>
  <element
     value="plone.app.dexterity.behaviors.exclfromnav.IExcludeFromNavigation"/>
  <element value="plone.app.dexterity.behaviors.id.IShortName"/>
  <element
     value="Products.CMFPlone.interfaces.constrains.ISelectableConstrainTypes"/>
  <element value="plone.app.relationfield.behavior.IRelatedItems"/>
  <element
     value="plone.app.dexterity.behaviors.nextprevious.INextPreviousToggle"/>
  <element value="plone.app.event.dx.behaviors.IEventBasic"/>
  <element value="plone.app.event.dx.behaviors.IEventLocation"/>
  <element value="plone.app.event.dx.behaviors.IEventContact"/>
 </property>
 <property name="schema"></property>
 <property name="model_source">&lt;?xml version='1.0' encoding='utf8'?&gt;
  &lt;model xmlns:form="http://namespaces.plone.org/supermodel/form" xmlns:i18n="http://xml.zope.org/namespaces/i18n" xmlns:lingua="http://namespaces.plone.org/supermodel/lingua" xmlns:marshal="http://namespaces.plone.org/supermodel/marshal" xmlns:security="http://namespaces.plone.org/supermodel/security" xmlns:users="http://namespaces.plone.org/supermodel/users" xmlns="http://namespaces.plone.org/supermodel/schema"&gt;
    &lt;schema&gt;
    &lt;/schema&gt;
  &lt;/model&gt;</property>
 <property
    name="model_file">plone.app.contenttypes.schema:folder.xml</property>
 <property name="schema_policy">dexterity</property>
 <alias from="(Default)" to="(dynamic view)"/>
 <alias from="edit" to="@@edit"/>
 <alias from="sharing" to="@@sharing"/>
 <alias from="view" to="(selected layout)"/>
 <action title="View" action_id="view" category="object" condition_expr=""
    description="" icon_expr="" link_target="" url_expr="string:${object_url}"
    visible="True">
  <permission value="View"/>
 </action>
 <action title="Edit" action_id="edit" category="object" condition_expr=""
    description="" icon_expr="" link_target=""
    url_expr="string:${object_url}/edit" visible="True">
  <permission value="Modify portal content"/>
 </action>
</object>
