<?xml version="1.0"?>
<object name="dexterity.membrane.member" meta_type="Dexterity FTI"
   i18n:domain="dexterity.membrane"
   xmlns:i18n="http://xml.zope.org/namespaces/i18n">
 <property name="title" i18n:translate="">Member</property>
 <property name="description" i18n:translate="">Member</property>
 <property name="icon_expr">string:${portal_url}/user.png</property>
 <property name="factory">dexterity.membrane.member</property>
 <property
    name="add_view_expr">string:${folder_url}/++add++dexterity.membrane.member</property>
 <property name="link_target"></property>
 <property name="immediate_view">view</property>
 <property name="global_allow">True</property>
 <property name="filter_content_types">True</property>
 <property name="allowed_content_types"/>
 <property name="allow_discussion">False</property>
 <property name="default_view">view</property>
 <property name="view_methods">
  <element value="view"/>
  <element value="base_view"/>
 </property>
 <property name="default_view_fallback">False</property>
 <property name="add_permission">cmf.AddPortalContent</property>
 <property name="klass">plone.dexterity.content.Item</property>
 <property name="behaviors">
  <element value="plone.app.dexterity.behaviors.metadata.ICategorization"/>
  <element value="plone.app.dexterity.behaviors.metadata.IPublication"/>
  <element value="plone.app.dexterity.behaviors.metadata.IOwnership"/>
  <element value="dexterity.membrane.behavior.user.INameFromFullName"/>
  <element
     value="plone.app.referenceablebehavior.referenceable.IReferenceable"/>
  <element value="dexterity.membrane.behavior.user.IMembraneUser"/>
  <element value="dexterity.membrane.behavior.password.IProvidePasswords"/>
 </property>
 <property name="schema">dexterity.membrane.content.member.IMember</property>
 <property
    name="model_source">&lt;model xmlns="http://namespaces.plone.org/supermodel/schema"&gt;
      &lt;schema /&gt;
  &lt;/model&gt;</property>
 <property name="model_file"></property>
 <property name="schema_policy">dexterity</property>
 <alias from="(Default)" to="(selected layout)"/>
 <alias from="edit" to="@@edit"/>
 <alias from="sharing" to="@@sharing"/>
 <alias from="view" to="@@view"/>
 <action title="View" action_id="view" category="object" condition_expr=""
    description="" icon_expr="" link_target=""
    url_expr="string:${object_url}/" visible="True">
  <permission value="View"/>
 </action>
 <action title="Edit" action_id="edit" category="object" condition_expr=""
    description="" icon_expr="" link_target=""
    url_expr="string:${object_url}/edit" visible="True">
  <permission value="Modify portal content"/>
 </action>
</object>
