<?xml version="1.0"?>
<object name="speaker" meta_type="Dexterity FTI"
   i18n:domain="dexterity.membrane"
   xmlns:i18n="http://xml.zope.org/namespaces/i18n">
 <property name="title" i18n:translate="">Speaker</property>
 <property name="description" i18n:translate="">Member</property>
 <property name="icon_expr">string:${portal_url}/user.png</property>
 <property name="factory">speaker</property>
 <property name="add_view_expr">string:${folder_url}/++add++speaker</property>
 <property name="link_target"></property>
 <property name="immediate_view">view</property>
 <property name="global_allow">True</property>
 <property name="filter_content_types">True</property>
 <property name="allowed_content_types"/>
 <property name="allow_discussion">False</property>
 <property name="default_view">view</property>
 <property name="view_methods">
  <element value="view"/>
  <element value="base_view"/>
 </property>
 <property name="default_view_fallback">False</property>
 <property name="add_permission">cmf.AddPortalContent</property>
 <property name="klass">plone.dexterity.content.Item</property>
 <property name="behaviors">
  <element value="plone.app.dexterity.behaviors.metadata.ICategorization"/>
  <element value="plone.app.dexterity.behaviors.metadata.IPublication"/>
  <element value="plone.app.dexterity.behaviors.metadata.IOwnership"/>
  <element value="dexterity.membrane.behavior.user.INameFromFullName"/>
  <element
     value="plone.app.referenceablebehavior.referenceable.IReferenceable"/>
  <element value="dexterity.membrane.behavior.user.IMembraneUser"/>
  <element value="dexterity.membrane.behavior.password.IProvidePasswords"/>
 </property>
 <property name="schema">dexterity.membrane.content.member.IMember</property>
 <property
    name="model_source">&lt;model xmlns:form="http://namespaces.plone.org/supermodel/form" xmlns:i18n="http://xml.zope.org/namespaces/i18n" xmlns:lingua="http://namespaces.plone.org/supermodel/lingua" xmlns:marshal="http://namespaces.plone.org/supermodel/marshal" xmlns:security="http://namespaces.plone.org/supermodel/security" xmlns:users="http://namespaces.plone.org/supermodel/users" xmlns="http://namespaces.plone.org/supermodel/schema" i18n:domain="dexterity.membrane"&gt;
    &lt;schema&gt;
      &lt;field name="first_name" type="zope.schema.TextLine"&gt;
        &lt;title i18n:translate=""&gt;First Name&lt;/title&gt;
      &lt;/field&gt;
      &lt;field name="last_name" type="zope.schema.TextLine"&gt;
        &lt;title i18n:translate=""&gt;Last Name&lt;/title&gt;
      &lt;/field&gt;
      &lt;field name="homepage" type="zope.schema.TextLine"&gt;
        &lt;required&gt;False&lt;/required&gt;
        &lt;title i18n:translate=""&gt;External Homepage&lt;/title&gt;
      &lt;/field&gt;
      &lt;field name="bio" type="plone.app.textfield.RichText"&gt;
        &lt;required&gt;False&lt;/required&gt;
        &lt;title i18n:translate=""&gt;Biography&lt;/title&gt;
        &lt;form:widget type="plone.app.z3cform.widget.RichTextFieldWidget"/&gt;
      &lt;/field&gt;
      &lt;field name="presenting" type="z3c.relationfield.schema.RelationChoice"&gt;
        &lt;description/&gt;
        &lt;title&gt;Presenting&lt;/title&gt;
      &lt;/field&gt;
    &lt;/schema&gt;
  &lt;/model&gt;</property>
 <property name="model_file"></property>
 <property name="schema_policy">dexterity</property>
 <alias from="(Default)" to="(dynamic view)"/>
 <alias from="edit" to="@@edit"/>
 <alias from="sharing" to="@@sharing"/>
 <alias from="view" to="(selected layout)"/>
 <action title="View" action_id="view" category="object" condition_expr=""
    description="" icon_expr="" link_target="" url_expr="string:${object_url}"
    visible="True">
  <permission value="View"/>
 </action>
 <action title="Edit" action_id="edit" category="object" condition_expr=""
    description="" icon_expr="" link_target=""
    url_expr="string:${object_url}/edit" visible="True">
  <permission value="Modify portal content"/>
 </action>
</object>
