<?xml version="1.0"?>
<object name="portal_types" meta_type="Plone Types Tool">
 <property name="title">Controls the available content types in your portal</property>
 <object name="conference" meta_type="Dexterity FTI"/>
 <object name="location" meta_type="Dexterity FTI"/>
 <object name="session" meta_type="Dexterity FTI"/>
 <object name="attendees" meta_type="Dexterity FTI"/>
 <object name="speakers" meta_type="Dexterity FTI"/>
 <object name="dexterity.membrane.member" meta_type="Dexterity FTI"/>
 <object name="locations" meta_type="Dexterity FTI"/>
 <object name="attendee" meta_type="Dexterity FTI"/>
 <object name="speaker" meta_type="Dexterity FTI"/>
 <!-- -*- extra stuff goes here -*- -->
</object>